UNITID,CEEB,ACT,ACI
100654,1003,2,
100663,1856,56,
100706,1854,53,
100724,1006,8,
100751,1830,52,
100760,715,1,
100812,706,10,
100830,1036,57,
100858,1005,11,
100937,1064,12,
101028,1187,73,
101073,1989,79,
101116,3947,N/A,
101143,1213,45,
101161,1939,35,
101189,1034,3,
101240,1262,77,
101286,1264,76,
101295,8122,83,
101301,3146,82,
101365,N/A,5126,
101435,1303,18,
101453,805,6,
101480,1736,20,
101499,1355,39,
101505,1352,47,
101514,1356,75,
101541,1349,22,
101569,1933,78,
101587,1737,24,
101602,1429,81,
101648,1447,26,
101675,1468,28,
101693,1515,29,
101709,1004,4,
101736,N/A,6747,
101879,1735,14,
101897,1576,61,
101912,1586,30,
101949,1644,55,
101994,193,N/A,
102030,1517,9,
102049,1302,16,
102058,1792,33,
102067,3338,7,
102076,1721,36,
102094,1880,59,
102234,1733,42,
102261,1723,38,
102270,1739,44,
102298,1800,46,
102313,207,6328,
102368,1738,48,
102377,1813,50,
102553,4896,137,
102580,1238,65,
102614,4866,64,
102632,4897,153,
102669,4201,62,
103778,N/A,84,
103787,N/A,6005,
104151,4007,88,
104160,4013,99,
104179,4832,96,
104346,4122,85,
104425,4097,89,
104577,4297,90,
104586,4305,149,
104708,4338,91,
104717,4331,92,
105145,N/A,100,
105154,4513,93,
105163,3598,N/A,
105172,1112,N/A,
105206,1971,148,
105297,4550,104,
105330,4006,86,
105349,325,107,
105428,4606,94,
105525,4623,101,
105589,484,5022,
105668,997,103,
105747,4755,105,
105792,4734,552,
105899,4736,106,
106102,1316,N/A,
106148,4996,98,
106245,6368,132,
106263,424,6869,
106306,7301,111,
106342,6009,112,
106397,6866,144,
106412,6004,108,
106449,8250,117,
106458,6011,116,
106467,6010,114,
106485,6007,110,
106625,N/A,4810,
106704,6012,118,
106713,788,119,
106795,N/A,6044,
106810,6131,121,
106883,847,109,
106999,N/A,5161,
107044,6267,124,
107071,6272,126,
107080,6273,128,
107123,N/A,161,
107141,6321,130,
107327,1267,129,
107460,1423,113,
107512,6549,134,
107521,N/A,6026,
107549,N/A,5161,
107558,6111,120,
107585,N/A,5531,
107600,6578,136,
107619,6583,125,
107637,N/A,5568,
107664,N/A,6364,
107725,N/A,6271,
107743,226,6207,
107840,6649,138,
107877,6658,140,
107974,1550,6609,
107983,6661,142,
107992,6704,6031,
108092,6220,122,
108250,3597,N/A,
108667,4118,238,
108807,4002,156,
108852,7024,N/A,
109086,4153,N/A,
109208,4004,158,
109350,4005,160,
109651,4009,164,
109785,4596,166,
109819,4015,168,
109907,4020,169,
110097,4017,172,
110185,4228,N/A,
110246,4226,165,
110334,4084,173,
110361,4094,175,
110370,4031,176,
110404,4034,182,
110413,4088,183,
110422,4038,188,
110486,4110,201,
110495,4713,435,
110510,4099,205,
110529,4082,202,
110538,4048,212,
110547,4098,203,
110556,4312,266,
110565,4589,355,
110574,4011,154,
110583,4389,302,
110592,4399,320,
110608,4707,400,
110617,4671,382,
110635,4833,444,
110644,4834,454,
110653,4859,446,
110662,4837,448,
110671,4839,456,
110680,4836,459,
110699,942,N/A,
110705,4835,452,
110714,4860,460,
110918,4123,189,
111081,4049,181,
111188,4035,184,
111434,4109,213,
111461,N/A,419,
111887,4083,206,
111896,4027,192,
111920,4725,207,
111939,4046,208,
111948,4047,210,
111966,4982,222,
112075,4069,227,
112084,4150,211,
112172,4051,218,
112190,4052,220,
112260,4054,224,
112385,933,193,
112394,4057,228,
112446,955,N/A,
112561,4108,249,
112570,1247,N/A,
112686,4078,248,
112826,4943,250,
113096,4121,242,
113111,4126,275,
113193,4101,415,
113218,4252,217,
113236,4104,251,
113333,4286,253,
113573,4085,229,
113634,4295,254,
113698,4284,256,
113704,N/A,381,
113856,4296,258,
113980,4302,260,
114114,N/A,389,
114123,4275,N/A,
114266,4273,234,
114354,4457,N/A,
114433,4318,267,
114716,4315,263,
114789,4311,264,
114813,4616,357,
114859,4314,270,
114938,4678,390,
115001,4327,274,
115083,4329,278,
115126,4339,277,
115296,4334,279,
115393,4340,280,
115409,4341,282,
115454,232,N/A,
115728,4059,230,
115755,4345,286,
115773,4346,288,
115861,4358,292,
116439,3356,293,
116475,216,N/A,
116484,3570,N/A,
116712,1362,291,
116846,4876,462,
117052,4655,376,
117104,4264,489,
117140,4381,295,
117168,7248,N/A,
117195,4420,308,
117247,4406,349,
117557,4386,N/A,
117636,4062,294,
117645,4388,300,
117690,4395,312,
117706,4398,318,
117715,4409,319,
117724,4400,322,
117733,4401,324,
117751,4411,303,
117788,4391,304,
117803,4405,N/A,
117867,4404,314,
117894,4396,325,
117928,4421,N/A,
117946,4403,326,
118541,4515,316,
118684,4517,273,
118693,4483,330,
118718,4500,333,
118772,4502,348,
118888,4485,332,
118912,4582,352,
118930,7587,323,
118976,4486,334,
119058,4507,339,
119067,4490,336,
119137,4512,335,
119164,4494,340,
119173,4493,338,
119216,4501,341,
119331,4530,342,
119605,470,N/A,
120184,4063,236,
120254,4581,350,
120290,4579,265,
120342,4584,354,
120403,4394,359,
120421,4591,358,
120537,4614,356,
120768,482,N/A,
120838,N/A,361,
120865,4600,362,
120883,4065,240,
120953,4603,364,
120971,4602,366,
121044,4604,368,
121150,4630,373,
121257,4619,363,
121309,4605,370,
121363,4608,374,
121619,4689,416,
121691,4848,464,
121707,4100,245,
121886,4663,379,
121901,4658,378,
122180,4670,380,
122205,4747,383,
122296,4750,412,
122339,4681,396,
122375,4735,337,
122384,4728,N/A,
122409,4682,398,
122436,4849,394,
122454,4036,186,
122506,4744,403,
122597,4684,404,
122612,4850,466,
122658,4706,436,
122685,2052,N/A,
122728,4756,417,
122746,4686,408,
122755,4687,410,
122791,4070,244,
122889,4690,418,
122931,4851,468,
122977,4691,420,
123013,4692,422,
123165,4693,426,
123217,4071,246,
123280,4717,N/A,
123299,4696,428,
123341,4697,429,
123457,4698,430,
123484,4087,247,
123509,4746,440,
123527,4679,392,
123554,4675,386,
123563,4930,474,
123572,4723,431,
123651,4701,432,
123800,4726,437,
123943,4392,N/A,
123961,4852,470,
124113,4820,438,
124292,4828,425,
125028,4931,476,
125091,4932,475,
125170,7711,174,
125462,4056,226,
125471,4964,483,
125499,4958,479,
125727,4950,478,
125763,4952,480,
125897,4955,481,
126030,1116,N/A,
126049,1185,N/A,
126076,1331,N/A,
126119,4994,482,
126182,4001,496,
126207,4204,505,
126289,4014,497,
126359,928,6672,
126401,934,N/A,
126562,4875,533,
126580,4874,535,
126614,4841,532,
126669,4659,523,
126678,4072,498,
126702,7150,N/A,
126711,4112,501,
126748,4665,525,
126775,4073,500,
126818,4075,504,
126827,4133,515,
126863,969,491,
126942,4137,511,
127024,3948,N/A,
127060,4842,534,
127185,4310,510,
127200,4119,507,
127389,4382,514,
127556,4484,518,
127565,4505,519,
127617,444,544,
127653,908,N/A,
127699,5354,N/A,
127714,476,N/A,
127732,4537,520,
127741,4074,502,
127778,4588,522,
127787,349,4750,
127820,4291,509,
127884,4634,492,
127909,4130,508,
127918,4656,526,
127945,1943,5359,
128106,4611,524,
128151,N/A,6109,
128258,4821,528,
128328,4830,530,
128391,4946,536,
128498,3001,549,
128577,3656,N/A,
128683,3121,N/A,
128744,3914,602,
128771,3898,596,
128780,870,N/A,
128902,3284,556,
129020,3915,604,
129215,3966,616,
129242,3390,560,
129367,3421,561,
129525,3436,606,
129534,921,N/A,
129543,3446,563,
129686,1791,N/A,
129695,3544,569,
129729,3550,570,
129756,3551,584,
129774,3528,572,
129808,3558,573,
129941,3663,576,
130004,3677,577,
130040,3652,578,
130110,3699,N/A,
130183,3698,580,
130217,3716,554,
130226,3712,582,
130253,3780,N/A,
130314,3754,588,
130396,986,590,
130493,3662,593,
130590,3899,598,
130606,3897,608,
130624,5807,600,
130697,3959,614,
130776,3350,558,
130794,3987,618,
130891,5169,631,
130907,5201,637,
130916,5204,633,
130934,5153,630,
130943,5811,634,
130989,5255,632,
131098,5894,636,
131113,5925,635,
131159,5007,648,
131283,5104,654,
131399,5929,695,
131450,5240,662,
131496,5244,668,
131520,5297,674,
131876,5796,696,
132268,3017,N/A,
132338,5040,6037,
132408,5209,N/A,
132471,5053,718,
132602,5061,720,
132657,5437,706,
132693,5073,769,
132709,5074,768,
132851,5127,721,
132903,5233,735,
133021,5106,722,
133085,5142,715,
133386,5159,723,
133492,5223,731,
133508,5191,727,
133526,5182,724,
133553,5190,725,
133650,5215,726,
133669,5229,729,
133702,5232,717,
133711,5235,772,
133809,5216,728,
133881,5080,716,
133951,5206,776,
133960,5236,747,
133979,5217,730,
134079,5218,732,
134097,5219,734,
134130,5812,758,
134149,5171,775,
134343,5271,738,
134495,5304,6394,
134510,5306,5471,
134608,5322,774,
134811,5327,6118,
134909,2145,N/A,
134945,5331,740,
135063,5343,765,
135081,7004,N/A,
135160,5377,766,
135188,5376,737,
135391,5427,741,
135610,4598,749,
135726,5815,760,
136066,529,N/A,
136145,5503,743,
136172,5490,711,
136206,5162,6736,
136215,5514,6706,
136233,5526,745,
136288,742,5595,
136330,5553,739,
136358,5531,744,
136400,5562,N/A,
136473,5535,746,
136516,5548,757,
136774,5573,6724,
136950,5572,748,
137032,5638,755,
137078,5606,752,
137096,5653,778,
137148,6491,N/A,
137209,5662,779,
137272,5650,N/A,
137281,5641,753,
137315,5666,759,
137351,5828,761,
137476,5076,719,
137546,5630,756,
137564,5621,754,
137713,N/A,714,
137759,5794,713,
137777,514,N/A,
137801,428,5147,
137847,5819,762,
137962,N/A,4876,
138187,5869,736,
138275,637,777,
138293,5893,773,
138354,5833,771,
138558,5001,781,
138600,5002,780,
138691,5026,783,
138716,5004,782,
138761,5009,784,
138789,5012,786,
138813,5429,859,
138840,5030,N/A,
138868,5029,785,
138901,5725,843,
139010,5062,797,
139074,5070,827,
139144,5059,798,
139153,5082,842,
139199,5066,800,
139205,5068,801,
139250,5078,802,
139278,6342,N/A,
139311,5145,803,
139366,5123,807,
139393,6124,3951,
139463,5167,809,
139579,5157,N/A,
139621,5200,799,
139630,5184,808,
139658,5187,810,
139700,5237,879,
139719,5220,814,
139746,5263,N/A,
139755,5248,818,
139764,5250,824,
139861,5252,828,
139931,5253,830,
139940,5251,826,
139959,5813,872,
139968,5256,832,
139986,5670,N/A,
140012,5168,N/A,
140164,5359,833,
140234,5362,834,
140252,7006,845,
140331,5441,N/A,
140340,N/A,817,
140447,5409,838,
140553,5415,792,
140696,5521,850,
140720,5530,852,
140818,5537,853,
140872,5568,856,
140942,3741,N/A,
140951,5631,855,
140960,5609,858,
140988,5616,860,
141060,5628,794,
141097,5626,865,
141167,5072,N/A,
141185,5799,868,
141237,5798,870,
141264,5855,874,
141325,5895,876,
141334,5900,878,
141361,5990,880,
141468,4324,N/A,
141486,4105,898,
141565,4869,904,
141574,4867,902,
141644,4352,900,
141680,4350,905,
141796,4377,906,
141802,4378,907,
141811,4410,908,
141839,4510,909,
141981,1042,N/A,
141990,4976,N/A,
142090,891,N/A,
142115,4018,914,
142179,975,919,
142276,4355,918,
142285,4843,928,
142294,4060,916,
142328,4385,920,
142337,3596,N/A,
142443,4539,922,
142461,4544,924,
142522,4657,926,
142559,4114,915,
142887,1013,N/A,
142957,1031,999,
143048,1713,1136,
143084,1025,946,Yes
143118,1027,950,Yes
143215,1057,954,
143279,1483,1082,
143288,1065,958,
143297,N/A,956,
143358,1070,960,
143613,1982,1170,
144005,1118,992,
144050,1832,1152,
144157,1910,978,
144166,1144,972,
144175,1584,974,
144184,1111,970,
144193,1093,971,
144218,1925,980,
144281,1135,1002,
144351,1140,1004,Yes
144564,1160,1010,
144740,1165,1012,
144865,1083,1003,
144883,798,984,
144892,1199,1016,
144944,1203,1018,
144962,1204,1020,Yes
144971,1206,1022,Yes
145336,807,N/A,
145354,N/A,1171,
145372,1256,1032,Yes
145460,940,6641,
145497,817,1045,
145521,1233,1029,
145600,1851,1155,
145619,1707,1132,
145628,1317,N/A,
145637,1836,1154,
145646,1320,1044,
145682,1312,1035,
145691,1315,1034,Yes
145725,1318,1040,
145813,1319,1042,
145831,1397,1056,
146010,3363,N/A,
146205,1357,1017,
146278,1374,1019,
146296,1346,1048,
146339,1351,1101,
146348,1380,1053,
146366,1108,964,
146393,1366,1050,
146418,N/A,1051,
146427,1372,1052,Yes
146472,1983,1005,
146481,1392,1054,Yes
146506,1424,1055,
146533,155,1057,
146603,623,1038,
146612,1404,1058,Yes
146667,1405,1060,
146676,1406,1062,
146685,1428,1061,
146700,3055,N/A,
146719,1412,1064,
146816,1520,1073,
146825,1435,1068,
147004,1525,1075,
147013,1456,1076,Yes
147129,1503,1078,
147165,3329,4755,
147244,1470,1080,Yes
147341,1484,1084,Yes
147369,1486,1088,
147378,1524,1087,
147396,1269,987,
147411,1489,1090,
147536,1551,1094,
147590,1567,1095,
147660,1555,1096,Yes
147679,1556,1098,Yes
147703,1559,1102,
147749,N/A,981,
147767,1565,1106,
147776,1090,993,
147800,1573,1104,
147828,1596,1112,Yes
147916,1619,1015,
148007,1077,959,
148016,1630,1118,Yes
148131,1645,1120,Yes
148177,2908,6863,
148256,1673,1091,
148292,738,1008,
148335,1670,1121,
148380,1674,1123,
148405,1665,1122,Yes
148487,1666,1124,
148496,1667,1126,Yes
148511,3262,1117,
148575,1756,1138,
148584,1130,1000,Yes
148593,N/A,1167,
148627,1708,1134,
148654,834,1137,
148672,1780,1127,
148821,882,1173,
148876,697,968,
148937,1777,1161,
148982,1128,1130,
148991,1154,961,
149028,N/A,6432,
149222,1726,1144,
149231,1759,1147,
149329,7009,N/A,
149365,1806,1148,
149505,1820,1165,Yes
149514,1810,1150,
149532,1821,1151,
149639,1872,1156,
149727,1938,1159,
149763,1927,5032,
149772,1900,1158,
149781,1905,1160,
149842,1932,1163,
150048,1015,1175,
150066,1016,1174,
150136,1051,1176,
150145,1079,1178,
150163,1073,1180,
150172,1776,1245,
150400,1166,1184,
150455,1195,1186,
150534,1208,1188,
150604,1228,1194,
150668,1251,1196,
150677,1252,1198,
150756,1290,1200,
150774,1309,1203,
150941,1304,1202,
151102,1336,1217,
151111,1325,1214,
151263,1321,1204,
151290,1323,1208,
151306,1335,1207,
151324,1322,1206,
151333,1337,1219,
151342,1339,1225,
151351,1324,1210,
151360,1338,1218,
151379,1314,1229,
151388,1194,1216,
151458,1330,N/A,
151494,7025,N/A,
151500,650,N/A,
151519,640,N/A,
151661,3058,N/A,
151777,1440,1222,
151786,1442,1224,
151801,1446,1226,
151810,1379,N/A,
151944,3140,N/A,
151962,644,1205,
152080,1841,1252,
152099,1585,1228,
152248,1638,1233,
152266,1640,1231,
152318,1668,1232,
152336,1693,1238,
152363,1697,1240,
152381,1704,1242,
152390,1702,1244,
152497,1761,1241,
152530,1802,1248,
152567,1811,1250,
152600,1874,1256,
152637,1877,1258,
152673,1895,1260,
152798,N/A,1273,
152822,7302,1267,
152992,6046,1276,
153001,6047,1278,
153108,6087,1284,
153126,6099,1290,
153144,6101,1294,
153162,6119,1296,
153214,6177,1272,
153241,6174,1286,
153250,6171,1301,
153269,6168,1302,
153278,6869,1358,
153296,N/A,1306,
153302,1215,1371,
153320,6214,1315,
153366,6249,1314,
153375,6251,1316,
153384,6252,1318,
153427,1588,N/A,
153445,6288,1309,
153472,6312,1269,
153524,6217,1312,
153533,6196,1310,
153603,6306,1320,
153621,6308,1324,
153658,6681,1356,
153825,6370,1328,
153834,6375,1330,
153861,4497,1317,
153922,6394,1332,
153977,N/A,1347,
154004,6415,1338,
154013,6417,1340,
154022,6418,1342,
154059,6400,1336,
154095,6307,1322,
154101,6490,1346,
154110,6751,1265,
154129,1359,1375,
154156,1767,N/A,
154174,6593,1349,
154235,6617,1352,
154350,6650,1354,
154378,6048,1280,
154396,6122,1298,
154493,6885,1360,
154518,6925,1362,
154572,6950,1369,
154590,6943,1372,
154642,6305,1424,
154688,6031,1386,
154712,6056,1444,
154721,6034,1388,
154749,6037,1390,
154776,3366,4757,
154794,N/A,1391,
154800,6191,1406,
154855,6088,1394,
154907,6137,1401,
154925,6102,1398,
154934,6129,1399,
154952,6008,1384,
154998,6166,1402,
155007,6167,1404,
155025,6335,1430,
155061,6218,1408,
155070,6228,1411,
155089,6224,1412,
155098,6219,1410,
155104,6246,1414,
155140,N/A,1415,
155177,6274,1416,
155186,6276,1418,
155195,6281,1420,
155201,6304,1422,
155210,6325,1425,
155292,6333,1426,
155308,5937,1478,
155317,6871,1470,
155335,6615,1452,
155399,6334,1428,
155414,6337,1434,
155450,6576,1448,
155496,6392,1436,
155511,6404,1440,
155520,6437,1445,
155566,6093,1396,
155593,N/A,1451,
155618,N/A,5574,
155627,6547,1446,
155681,6336,1449,
155715,6581,1450,
155812,6630,1458,
155858,286,1439,
155900,6670,1464,
155937,6684,1466,
155973,6815,1468,
156082,6928,1474,
156125,6884,1472,
156189,1098,1502,
156213,1019,1486,
156231,703,1564,
156286,1056,1490,
156295,1060,1492,
156356,1071,1498,
156365,1097,1500,
156408,1109,1506,
156541,1145,1510,
156620,1200,1512,
156648,1211,1513,
156745,1249,1514,
156790,815,1572,
156851,1307,1557,
156860,1274,1569,
156903,669,N/A,
156921,1328,1571,
157021,987,N/A,
157030,1384,N/A,
157058,1368,1516,
157076,1369,1518,
157085,1837,1554,
157100,1377,1523,
157207,N/A,1525,
157216,1409,1522,
157270,1501,N/A,
157289,1838,1556,
157304,1606,1533,
157331,693,1527,
157377,1467,1528,
157386,1487,1530,
157401,1494,1532,
157447,1574,1566,
157483,1620,1538,
157553,869,1541,
157632,1690,1542,
157696,N/A,1505,
157711,1779,1570,
157739,1770,1555,
157757,1552,1534,
157793,811,5535,
157809,1876,1560,
157818,1808,1550,
157863,1825,1552,
157951,1901,1562,
158325,N/A,1619,
158334,N/A,1625,
158352,N/A,1599,
158431,787,1573,
158477,6082,1576,
158662,6176,1577,
158802,6164,1578,
159009,6250,1582,
159373,1192,1624,
159382,1632,1589,
159391,6373,1590,
159407,6386,1587,
159416,6355,1593,
159647,6372,1588,
159656,6374,1592,
159717,6403,1594,
159939,6379,1591,
159948,5034,1596,
159966,6221,1580,
159993,6482,1598,
160038,6492,1600,
160065,6002,1574,
160074,N/A,1621,
160409,6689,1604,
160612,6656,1608,
160621,6663,1610,
160630,1647,1611,
160649,322,1613,
160658,6672,1612,
160755,6832,1614,
160904,6975,1618,
160940,688,N/A,
160959,3305,1637,
160977,3076,1634,
160995,3114,N/A,
161004,3089,1636,
161022,3302,N/A,
161077,3309,N/A,
161086,3280,1638,
161138,3372,N/A,
161165,3440,1646,
161192,3475,N/A,
161217,3929,1641,
161226,3506,1640,
161235,3393,1642,
161244,3956,1666,
161253,3916,1664,
161299,3505,1648,
161341,3008,1630,
161457,3751,1660,
161484,3631,1650,
161509,3701,6908,
161518,3755,1659,
161545,3535,N/A,
161554,3691,1644,
161563,3903,1663,
161581,3961,N/A,
161688,5028,1679,
161767,5019,1678,
161864,5131,N/A,
161873,5810,N/A,
162007,5401,1712,
162061,5101,1683,
162104,5091,1681,
162122,5144,1685,
162168,5143,1691,
162210,5890,1687,
162283,5122,1688,
162557,5230,1694,
162584,5402,1714,
162609,5279,1695,
162654,5257,1696,
162681,804,N/A,
162690,5290,1698,
162706,5303,1700,
162760,5296,1702,
162779,5308,1703,
162928,5332,1704,
163028,3054,N/A,
163046,5370,1708,
163204,551,N/A,
163259,527,N/A,
163268,5835,1751,
163286,5814,1746,
163295,5399,1710,
163338,5400,1752,
163426,5440,1723,
163453,5416,1722,
163462,5421,1726,
163532,839,N/A,
163578,5114,1727,
163657,5545,1731,
163851,5403,1716,
163912,5601,1736,
163976,5598,1732,
164076,5404,1718,
164155,5809,1742,
164173,5856,1753,
164216,5888,1754,
164270,5898,1756,
164313,1613,1760,
164447,3002,1772,
164465,3003,1774,
164492,3005,1769,
164562,3009,1782,
164580,3075,1780,
164614,N/A,2680,
164632,3078,1785,
164641,3120,1791,
164720,3079,1787,
164739,3096,1783,
164748,3107,1789,
164775,3102,1792,
164924,3083,1788,
164933,3084,1790,
164988,3087,1794,
165015,3092,1802,
165024,3517,1900,
165033,3110,1803,
165060,3112,N/A,
165112,3123,1799,
165194,3289,1807,
165264,3287,N/A,
165334,3279,1808,
165529,3285,1814,
165574,3352,1816,
165635,3371,N/A,
165644,3365,1818,
165662,3367,1820,
165671,3368,1822,
165699,3369,1824,
165802,3391,1828,
165820,3518,1902,
165866,3519,1904,
165884,3394,1834,
165936,3417,1838,
165981,3420,1839,
166018,3447,1842,
166027,3442,1840,
166045,3435,1841,
166054,3449,1843,
166124,3282,1810,
166133,3437,1844,
166391,3481,1848,
166407,3488,N/A,
166452,3483,1850,
166513,3911,1854,
166601,9100,N/A,
166629,3917,1924,
166638,3924,1925,
166647,3294,1861,
166656,3512,1860,
166674,3516,1846,
166683,3514,1858,
166692,3515,1856,
166823,3549,1862,
166850,3525,1864,
166887,3554,1865,
166911,9101,1847,
166939,3529,1866,
166948,3530,1868,
166957,3545,1867,
166984,3794,1895,
167057,3659,1872,
167093,3511,N/A,
167260,3666,1878,
167288,3521,1908,
167312,3651,1875,
167358,3667,1880,
167376,3674,1877,
167394,3283,1812,
167455,3689,1882,
167525,3713,1888,
167534,3714,1885,
167598,3723,1886,
167677,3295,N/A,
167729,3522,1910,
167783,3761,1892,
167792,3795,1893,
167835,3762,1894,
167899,3763,1896,
167905,3791,1898,
167987,3786,1906,
167996,3770,1918,
168005,3771,1920,
168148,3901,1922,
168218,3957,1926,
168227,3958,1928,
168254,3962,1930,
168263,3523,1912,
168281,3963,1932,
168290,3964,1934,
168421,3969,1942,
168430,3524,1914,
168528,1001,1954,
168546,1007,1956,
168591,1010,1958,
168607,1011,1960,
168740,1030,1992,
168786,1018,1962,
168838,5270,6690,
168847,806,5011,
168883,1049,2071,
169080,1095,1968,
169248,1106,1972,
169275,1225,1996,
169327,1123,1974,
169363,1094,1977,
169442,1035,1989,
169479,1183,1981,
169521,1816,1966,
169716,1835,2060,
169798,1201,1990,
169910,1222,1994,
169974,1261,1999,
169983,1246,1998,
169992,1250,2000,
170037,1253,2002,
170055,1254,2004,
170082,1258,2005,
170091,N/A,2009,
170240,1293,2006,
170286,1295,2010,
170301,1301,2012,
170444,1340,2014,
170532,1365,2018,
170541,1378,2016,
170550,1375,1964,
170587,1382,2017,
170620,1137,1976,
170639,1421,2031,
170657,1414,2019,
170675,1399,2020,
170790,1722,2054,
170806,1437,2022,
170842,1452,2024,
170967,1516,2072,
170976,1839,2062,
171100,1465,2032,
171128,1464,2030,
171137,1861,2074,
171146,1853,2063,
171155,1523,1973,
171225,1514,2039,
171234,1522,2029,
171298,1527,N/A,
171304,1495,2034,
171395,1569,2037,
171456,1560,2038,
171483,1564,2040,
171492,1568,2041,
171535,1607,2043,
171571,1497,2033,
171599,1595,2042,
171881,1672,2049,
172033,1686,2048,
172051,1766,2057,
172200,1764,2070,
172264,1719,2052,
172291,1628,2046,
172307,1783,2055,
172334,1732,2056,
172440,1743,2058,
172608,N/A,2065,
172617,1935,2067,
172635,1937,2068,
172644,1898,2064,
172671,1941,2075,
172699,1902,2066,
172866,N/A,6685,
172918,771,2807,
172954,N/A,666,
172963,6024,2093,
173045,6014,2080,
173063,6017,2082,
173115,N/A,698,
173124,6676,2084,
173142,6035,2086,
173160,6038,2088,
173203,6045,2090,
173258,6081,2092,
173300,6113,2104,
173328,6114,2106,
173416,N/A,2949,
173452,6435,2127,
173461,N/A,5573,
173489,N/A,6692,
173559,2110,2111,
173629,N/A,6697,
173647,6253,2112,
173665,6265,2114,
173735,6275,2116,
173799,6300,2103,
173805,6309,2118,
173887,N/A,6561,
173902,6390,2122,
173911,N/A,2355,
173920,6677,2126,
173984,N/A,5119,
173993,6432,2158,
174020,N/A,2124,
174066,6874,2156,
174075,6893,2129,
174127,6411,2130,
174136,6434,2147,
174154,N/A,6704,
174206,6412,2132,
174233,6873,2157,
174251,6890,2155,
174279,N/A,5046,
174358,6678,2134,
174376,6498,2137,
174394,N/A,4777,
174428,6501,2123,
174437,N/A,2136,
174473,6500,2159,
174491,6489,2138,
174507,6516,N/A,
174525,7247,2167,
174570,N/A,2564,
174604,1637,2117,
174738,6610,2142,
174747,6104,2094,
174756,N/A,2160,
174783,6679,2144,
174792,6624,2146,
174817,6632,2148,
174844,6638,2150,
174862,6639,2152,
174899,6107,2098,
174914,6110,2102,
175005,6105,2096,
175014,N/A,4781,
175041,534,2856,
175078,6703,2151,
175157,6194,2108,
175227,N/A,6281,
175236,N/A,2172,
175263,N/A,2163,
175272,6680,2162,
175315,N/A,2959,
175342,1008,2176,
175421,1055,2180,
175430,1066,2182,
175519,1126,2186,
175573,1142,2188,
175616,1163,2190,
175643,1196,2192,
175652,1197,2194,
175786,1296,2198,
175810,1299,2200,
175829,1326,2202,
175856,1341,2204,
175883,1347,2206,
175935,1461,2210,
175980,1471,2212,
176008,1742,2244,
176017,1840,2250,
176035,1481,2222,
176044,1482,2224,
176053,1477,2214,
176080,1480,2220,
176169,1557,2226,
176178,1562,2228,
176239,1622,2232,
176318,1669,2240,
176336,1781,2241,
176354,1729,2242,
176372,1479,2218,
176406,1807,2248,
176479,1907,2254,
176628,6109,2278,
176664,991,2283,
176770,N/A,2367,
176789,6331,2312,
176910,6145,2267,
176947,6089,2270,
176965,6090,2272,
177065,6095,2276,
177083,6112,2280,
177117,6120,2286,
177135,6138,2289,
177144,6123,2290,
177214,6169,2292,
177339,6198,2296,
177418,6216,2298,
177542,6266,2320,
177551,6269,2302,
177676,6320,2313,
177719,6329,N/A,
177746,6330,2277,
177940,6366,2322,
177968,6367,2324,
177977,N/A,5105,
177995,6359,2307,
178059,6399,2326,
178217,6323,2306,
178244,2258,2323,
178341,6322,2304,
178369,6413,2330,
178387,6625,2344,
178396,6875,2382,
178402,6872,2380,
178411,6876,2398,
178420,6889,2383,
178448,6414,2332,
178615,6483,2336,
178624,6488,2338,
178679,6542,2279,
178697,N/A,2364,
178721,6574,2340,
178891,7028,5367,
178989,6612,2347,
179043,6611,2342,
179052,N/A,6693,
179159,6629,2352,
179256,N/A,2334,
179265,6626,2346,
179308,6226,2299,
179326,6664,2368,
179344,N/A,2401,
179399,N/A,2271,
179539,6709,2356,
179548,6683,2374,
179557,6655,2366,
179566,6665,2370,
179645,6836,2372,
179715,6830,2378,
179867,6929,2386,
179894,6933,2388,
179919,6934,2390,
179946,6937,2392,
179955,6941,2394,
179964,6944,2396,
180054,379,N/A,
180081,2085,N/A,
180106,4041,2408,
180151,4280,2414,
180160,5938,2403,
180179,4298,2416,
180197,4317,2417,
180249,2000,N/A,
180258,4058,2410,
180276,2022,N/A,
180328,536,N/A,
180373,4081,2412,
180416,4487,2418,
180461,4488,2420,
180489,4489,2422,
180522,4538,2424,
180595,4660,2426,
180647,898,N/A,
180692,4945,2428,
180814,6053,2437,
180832,N/A,2436,
180878,6058,2438,
180902,N/A,6369,
180948,6466,2466,
180984,6116,2442,
181002,6121,2444,
181020,6165,2448,
181093,6248,2454,
181215,6467,2468,
181242,3385,4788,
181297,6510,2465,
181303,5755,2447,
181312,N/A,2491,
181330,6406,2462,
181376,1332,2473,
181394,6420,2464,
181400,N/A,5572,
181419,1431,N/A,
181428,6896,2487,
181446,6470,2474,
181464,6877,2482,
181534,6468,2470,
181543,N/A,2463,
181604,6106,2440,
181640,1189,4787,
181738,6865,2480,
181765,1305,2458,
181783,6469,2472,
181817,N/A,2478,
181853,6984,2484,
182005,4136,2498,
182281,4861,2496,
182290,4844,2494,
182306,4293,2493,
182458,4757,2497,
182500,1096,2499,
182564,1141,2495,
182634,3281,2506,
182661,3648,2525,
182670,3351,2508,
182795,3395,2509,
182865,3452,2503,
182917,3562,2511,
182980,3657,2513,
183026,3649,2514,
183044,3918,2524,
183062,3472,2510,
183071,2094,N/A,
183080,3690,2518,
183105,3646,2517,
183114,3684,2529,
183123,3850,2527,
183132,3660,2507,
183141,3643,2523,
183150,3661,2530,
183211,3728,2520,
183239,3748,2522,
183275,3892,2531,
183600,2009,N/A,
183655,2024,2539,
183743,2032,2541,
183789,N/A,2576,
183822,2044,2540,
183859,2181,2553,
183877,2180,2543,
183910,2072,2542,
183938,2121,2545,
183974,2080,2544,
184180,2124,2549,
184205,2118,N/A,
184348,2193,2550,
184481,2237,2551,
184603,2263,2556,
184612,2321,2559,
184694,2262,2554,
184773,2274,2562,
184782,2515,2560,
184968,2304,N/A,
184995,2291,N/A,
185129,2516,2570,
185262,2517,2582,
185509,2444,2568,
185536,2441,2573,
185572,2416,2571,
185590,2520,2572,
185624,2427,N/A,
185679,2452,N/A,
185828,2513,2580,
185873,2630,2585,
186034,2694,2583,
186131,2672,2588,
186186,1546,N/A,
186201,2884,2591,
186283,2758,2590,
186371,2092,2598,
186380,2765,2592,
186399,2512,2600,
186423,2858,N/A,
186432,2806,2604,
186469,2868,2602,
186584,2811,2606,
186618,2090,2546,
186645,2867,2609,
186867,2819,2610,
186876,2889,2589,
186900,686,N/A,
187134,2519,2614,
187198,2921,2616,
187444,2518,2584,
187532,3387,5569,
187620,N/A,2651,
187648,4299,2636,
187666,4662,2647,
187745,N/A,2654,
187897,4532,2640,
187903,4553,2643,
187912,4534,2644,
187985,4845,2650,
187994,4012,2630,
188003,4547,2632,
188021,461,2645,
188030,4531,2638,
188058,425,2639,
188100,4732,2637,
188146,4676,2648,
188182,4116,2633,
188304,4535,2646,
188340,2001,N/A,
188429,2003,2664,
188438,2017,2667,
188517,N/A,2661,
188526,2013,2672,
188641,2005,2666,
188678,2603,2663,
188687,774,2669,
188854,N/A,2671,
188915,2016,2670,
189088,2037,2674,
189097,2038,2718,
189228,954,2688,
189264,7317,N/A,
189273,731,N/A,
189282,2031,N/A,
189413,2901,N/A,
189422,944,N/A,
189459,3108,N/A,
189547,2048,2684,
189574,N/A,2861,
189583,2058,2676,
189592,N/A,2681,
189705,2073,2690,
189839,2010,2668,
189848,2078,2696,
190044,2084,2698,
190053,2135,2694,
190071,2894,N/A,
190099,2086,2702,
190169,2138,2715,
190248,2096,2722,
190372,2097,2724,
190442,2106,2727,
190451,2109,2865,
190503,3301,N/A,
190512,2034,N/A,
190521,2063,N/A,
190530,2051,N/A,
190549,2046,N/A,
190558,2778,N/A,
190567,2083,2706,
190594,2301,N/A,
190600,2115,N/A,
190619,2358,N/A,
190628,2246,N/A,
190637,2312,N/A,
190646,2460,N/A,
190655,2550,N/A,
190664,2750,4803,
190673,2751,N/A,
190691,2992,N/A,
190716,2197,2732,
190725,2762,2874,
190761,2190,2730,
190770,2011,2665,
190840,2198,2731,
190956,2216,2739,
190983,2226,2736,
191126,2257,2744,
191205,3142,2745,
191241,2259,2748,
191302,2254,2749,
191339,2272,2751,
191515,2286,2754,
191533,2288,2756,
191612,2316,2765,
191621,2334,2759,
191630,2294,2758,
191649,2295,2760,
191676,2299,2766,
191719,2300,2768,
191764,677,N/A,
191931,2324,2770,
191968,2325,2772,
191986,2335,2774,
192004,2346,N/A,
192022,2345,2775,
192040,2339,2776,
192110,2340,2778,
192156,1039,2787,
192192,2350,2782,
192271,2380,4807,
192323,2366,2790,
192439,2369,2792,
192448,2070,2687,
192624,726,N/A,
192703,2395,2796,
192712,2396,2809,
192749,2397,2800,
192785,2434,2803,
192819,2400,2804,
192864,2405,2811,
192925,2422,2822,
192970,9143,N/A,
193016,2409,2814,
193061,1590,N/A,
193283,2414,2818,
193292,2415,2820,
193308,2463,N/A,
193326,2429,2821,
193353,2423,2819,
193380,2455,N/A,
193399,2088,2823,
193478,2563,2825,
193584,2511,2826,
193645,2089,2712,
193900,2562,2838,
193946,2568,2843,
193973,2558,2842,
194028,2571,2864,
194091,2561,2832,
194116,333,2829,
194161,2560,2846,
194222,2627,2847,
194240,2625,2848,
194310,2635,2852,
194392,2640,2858,
194499,545,N/A,
194569,2233,2710,
194578,2669,2862,
194657,719,N/A,
194666,7011,N/A,
194675,714,N/A,
194693,668,N/A,
194736,675,N/A,
194763,2776,N/A,
194824,2757,2866,
194958,2759,2868,
194967,2770,N/A,
195003,2760,2870,
195030,2928,2980,
195058,2767,2873,
195128,2764,2876,
195164,2793,2882,
195173,2796,2884,
195191,2825,2835,
195216,2805,2896,
195234,2091,2714,
195243,2807,2897,
195289,3439,2880,
195304,2810,2904,
195322,2879,2892,
195474,2814,2878,
195526,2815,2906,
195544,2802,2890,
195702,2847,N/A,
195720,2798,2886,
195784,2749,N/A,
195809,2799,2888,
195845,5324,N/A,
195988,2855,2967,
196006,2522,2910,
196015,2523,2912,
196024,2525,2916,
196033,2524,2914,
196042,2526,2918,
196051,2527,2920,
196060,2532,2926,
196079,2535,2956,
196088,2925,2978,
196097,2548,2952,
196103,2530,2948,
196112,755,N/A,
196121,2537,2928,
196130,8058,2930,
196149,2538,2932,
196158,2539,2934,
196167,2540,2936,
196176,2541,2938,
196185,2542,2940,
196194,2543,2942,
196200,2545,2946,
196219,2878,2931,
196228,2897,N/A,
196237,2866,2939,
196246,2544,2944,
196255,2534,2996,
196264,2214,2737,
196291,2536,2954,
196307,2547,2981,
196413,2823,2968,
196431,712,N/A,
196440,1426,N/A,
196477,2755,N/A,
196565,2904,2963,
196592,2902,2961,
196653,2856,2964,
196680,759,N/A,
196699,2938,2971,
196866,2920,2970,
197027,2923,2974,
197036,2924,2976,
197045,2932,2973,
197081,343,6361,
197133,2956,2982,
197142,2962,2983,
197151,2835,2895,
197197,2966,2984,
197221,2970,N/A,
197230,2971,2988,
197285,1023,N/A,
197294,2972,2990,
197522,3258,N/A,
197531,7974,2991,
197601,1582,N/A,
197610,1432,N/A,
197692,743,N/A,
197708,2990,2992,
197814,5133,3085,
197850,N/A,3061,
197869,5010,3062,
197887,5033,3063,
197911,N/A,3066,
197966,7307,N/A,
197984,5055,3070,
197993,5058,3072,
198039,5644,N/A,
198066,5067,3074,
198084,7314,N/A,
198109,5136,N/A,
198118,5146,N/A,
198136,5100,3076,
198154,5094,N/A,
198206,5092,3078,
198215,5103,3080,
198242,508,N/A,
198251,5147,3082,
198260,5102,3081,
198303,5107,3084,
198321,N/A,6637,
198330,5134,3083,
198367,5148,3182,
198376,5170,3087,
198385,5150,3086,
198419,5156,3088,
198455,5172,5563,
198464,5180,3094,
198491,5199,N/A,
198507,5629,3095,
198516,5183,3096,
198534,5208,3181,
198552,5234,3099,
198561,5242,3102,
198570,5262,3165,
198598,5260,3104,
198613,5261,3106,
198622,5275,5134,
198640,621,N/A,
198668,5289,N/A,
198695,5293,3108,
198710,5319,3109,
198729,6256,3111,
198747,5348,3110,
198756,5333,3112,
198774,727,N/A,
198808,5364,3116,
198817,5378,3117,
198835,5365,3118,
198862,5367,3120,
198871,5369,3122,
198899,5395,3124,
198905,5445,N/A,
198923,789,3125,
198941,5434,N/A,
198950,5410,3126,
198969,5426,3127,
198987,5412,3128,
199023,785,3129,
199032,5423,3130,
199069,5435,3131,
199087,5881,N/A,
199102,5003,3060,
199111,5013,3064,
199120,5816,3162,
199139,5105,3163,
199148,5913,3166,
199157,5495,3132,
199184,5512,3133,
199193,5496,3164,
199218,5907,3174,
199263,864,N/A,
199272,5533,3136,
199281,5534,3138,
199306,5536,3140,
199315,5555,3142,
199324,5518,N/A,
199333,5556,3141,
199412,5560,3148,
199421,5585,3147,
199449,5588,N/A,
199458,5597,3153,
199467,5564,3144,
199476,5594,3139,
199485,5582,3143,
199494,5589,3145,
199582,5596,3152,
199607,5607,3156,
199625,505,N/A,
199634,5649,3149,
199643,5612,3158,
199698,5214,3146,
199722,5651,3159,
199731,5667,6892,
199740,496,N/A,
199759,7050,N/A,
199768,5656,3161,
199786,5790,3157,
199795,5785,3059,
199838,617,3167,
199847,5885,3168,
199856,5928,3177,
199865,5886,3170,
199883,5915,N/A,
199892,5926,3171,
199908,5922,3173,
199926,5921,3175,
199953,5930,N/A,
199962,5908,3176,
199971,N/A,3180,
199999,5909,3178,
200004,5897,3172,
200022,6041,3196,
200059,6477,3210,
200086,7304,3194,
200156,6318,3200,
200192,6163,3198,
200208,1306,N/A,
200217,6428,3201,
200226,6478,3212,
200253,6479,3214,
200280,6878,3218,
200305,6476,3206,
200314,N/A,3204,
200332,6474,3202,
200341,6905,3219,
200387,N/A,6555,
200466,310,N/A,
200484,356,3215,
200527,352,3191,
200554,4915,3193,
200572,6480,3216,
200697,1827,1827,
200846,748,N/A,
200873,N/A,3227,
201061,1002,5592,
201104,1021,3234,
201177,3203,3228,
201195,1050,3236,
201283,1072,3230,
201371,1067,3238,
201432,749,3241,
201441,1069,3240,
201548,1099,3242,
201645,1105,3244,
201654,1151,3245,
201672,7321,3365,
201690,1107,3246,
201751,1143,N/A,
201821,2200,3252,
201858,1091,3248,
201867,945,3251,
201885,1833,3340,
201928,1984,5570,
201946,3073,N/A,
201964,1088,3249,
201973,777,3247,
202046,1152,3243,
202073,1124,3250,
202134,1221,3270,
202161,3952,N/A,
202170,1085,3281,
202435,2155,N/A,
202480,1834,3342,
202514,1162,3264,
202523,1164,3266,
202648,1191,3377,
202684,814,3257,
202763,1223,3272,
202806,1229,3275,
202903,1238,3325,
202912,1259,3375,
203067,2290,N/A,
203085,1292,3278,
203128,1297,3280,
203155,1822,3352,
203313,7312,N/A,
203331,2264,3373,
203368,1342,3282,
203447,1485,3773,
203456,328,3225,
203474,593,3343,
203483,1434,3361,
203492,683,3354,
203517,1367,3284,
203526,N/A,3224,
203535,1370,3286,
203544,602,3279,
203580,1391,3288,
203599,1422,3277,
203678,754,3359,
203748,1417,3287,
203757,1427,3598,
203775,1439,3289,
203845,1444,3290,
203881,699,3351,
203960,N/A,6321,
204006,1526,3303,
204015,1509,3299,
204024,1463,3294,
204060,1528,3296,
204176,1502,3297,
204185,1492,3298,
204194,1531,3372,
204200,1129,3254,
204255,1535,3305,
204264,1496,3300,
204422,721,3374,
204440,1235,3356,
204468,1566,3302,
204477,N/A,3315,
204486,816,6323,
204501,1587,3304,
204617,1131,3256,
204626,3380,N/A,
204635,1591,3310,
204662,1009,3223,
204671,1541,3237,
204680,744,3306,
204699,N/A,3311,
204705,824,3320,
204796,1592,3312,
204802,N/A,3317,
204820,775,3313,
204839,N/A,3370,
204848,826,3326,
204857,1593,3314,
204866,N/A,3322,
204893,1611,3329,
204909,1594,3316,
204936,1597,3318,
204945,1643,3323,
205027,1348,3321,
205090,N/A,3319,
205124,1660,N/A,
205179,1610,N/A,
205203,1663,3324,
205443,1790,3336,
205470,1720,3332,
205610,3576,N/A,
205841,1688,3345,
205957,1133,3258,
205966,1752,3276,
206002,N/A,3347,
206011,365,3353,
206048,1817,3334,
206084,1845,3344,
206330,1847,3346,
206349,1848,3348,
206437,1926,3349,
206446,318,3367,
206491,1906,3360,
206507,1909,3362,
206525,1922,3364,
206589,1134,3260,
206604,1179,3295,
206613,1947,3371,
206622,1965,3366,
206695,1975,3368,
206817,6030,3380,
206835,6135,3387,
206862,6036,3384,
206914,6080,3386,
206923,1474,3430,
206941,6091,3390,
206996,6117,3392,
207041,6186,3394,
207050,6189,3396,
207069,7324,3398,
207209,6361,3400,
207236,6421,3402,
207263,6485,3408,
207281,6486,3410,
207290,6484,3406,
207306,6493,3412,
207324,6086,3415,
207351,6571,3426,
207388,6546,3424,
207397,1436,3423,
207403,6541,3414,
207449,270,3431,
207458,6543,3416,
207500,6879,3442,
207564,3382,3425,
207661,6545,3420,
207670,1462,3403,
207689,6621,3432,
207722,6544,3418,
207856,1433,3439,
207865,6673,3440,
207935,6839,3441,
207971,6883,3444,
208035,6020,3378,
208239,4231,N/A,
208275,4025,3455,
208318,4090,3457,
208390,4745,3493,
208406,4111,3465,
208415,4089,3461,
208488,4079,3458,
208646,4300,3460,
208725,4274,N/A,
208822,4325,3462,
208965,947,N/A,
209038,4407,3463,
209056,4384,3464,
209065,4387,3466,
209074,4413,3469,
209108,440,N/A,
209241,4491,3472,
209250,4508,3473,
209287,4496,3476,
209409,4543,3478,
209490,4900,N/A,
209506,4587,3484,
209542,4586,3482,
209551,4846,3498,
209603,4504,3477,
209612,4601,3488,
209746,4617,3489,
209807,4610,3492,
209825,4847,3500,
209922,4654,3494,
209940,4653,3490,
210146,4702,3496,
210155,4729,3495,
210234,4825,3497,
210270,4862,3502,
210304,4595,3486,
210331,4956,477,
210359,2152,N/A,
210401,4954,3504,
210429,4585,3480,
210456,2019,N/A,
210492,2002,3727,
210571,2004,3518,
210669,2006,3520,
210739,2021,3525,
210775,2431,3521,
210890,971,N/A,
210942,2033,N/A,
210960,2029,N/A,
211024,2036,3523,
211079,2126,3545,
211088,2039,3524,
211158,2646,3692,
211273,2049,3526,
211291,2050,3528,
211307,2066,3529,
211343,2069,3527,
211352,2071,3532,
211361,2647,3694,
211431,2421,3638,
211440,2074,3534,
211468,2079,3536,
211477,1061,N/A,
211556,2081,3538,
211583,2082,3540,
211608,2648,3696,
211617,3386,N/A,
211635,2132,N/A,
211644,2649,3698,
211802,2128,N/A,
211893,2100,N/A,
211909,2199,N/A,
211927,2125,3542,
211981,2510,3551,
212009,2186,3550,
212054,2194,3556,
212090,2201,N/A,
212106,2196,3560,
212115,2650,3700,
212133,2220,3562,
212160,2651,3702,
212197,2225,3568,
212568,2247,N/A,
212577,2261,3574,
212601,2270,3576,
212656,2273,3578,
212674,2275,3580,
212805,2277,3582,
212832,2278,3583,
212869,2287,3588,
212878,2309,3589,
212911,2289,3590,
212984,2297,3592,
212993,7309,N/A,
213011,2320,3596,
213020,2652,3704,
213163,2337,N/A,
213233,1542,N/A,
213251,2341,3600,
213303,2351,3602,
213321,2353,3604,
213349,2653,3706,
213358,2379,3607,
213367,2363,3608,
213376,2373,3605,
213385,2361,3606,
213400,2388,3707,
213507,2364,3610,
213525,2381,3611,
213543,2365,3612,
213570,2741,N/A,
213598,2367,3614,
213613,2654,3708,
213659,2382,3616,
213668,2372,3622,
213774,2260,3628,
213783,2655,3710,
213826,2407,3626,
213932,2473,N/A,
213987,2410,3629,
213996,2411,3630,
214041,2656,3712,
214069,2087,3539,
214111,2445,3641,
214148,2417,3632,
214157,2418,3634,
214166,2420,3635,
214175,2424,3640,
214272,2628,3649,
214379,2573,3645,
214564,2645,3654,
214582,2675,N/A,
214625,N/A,3648,
214634,N/A,3662,
214777,2660,3656,
214883,2674,3659,
214944,380,N/A,
215062,2926,3732,
215099,2666,3668,
215105,2664,3664,
215114,2661,3658,
215132,2663,3671,
215239,2682,3543,
215266,2935,3731,
215275,2936,3733,
215284,2934,3735,
215293,2927,3734,
215309,2937,3737,
215381,652,N/A,
215415,382,N/A,
215442,2676,3530,
215479,2693,N/A,
215585,2743,3718,
215594,2772,N/A,
215655,2769,3674,
215691,2763,3676,
215743,2797,3682,
215770,2801,3684,
215798,2808,3686,
215929,2929,3736,
215947,2812,3688,
215974,2836,N/A,
216010,2657,3714,
216038,2658,3716,
216162,2852,N/A,
216278,2820,3720,
216287,2821,3722,
216296,560,N/A,
216311,1037,N/A,
216339,2906,3724,
216357,2910,3730,
216366,2903,N/A,
216427,1572,N/A,
216436,734,N/A,
216524,2931,3738,
216542,2579,3643,
216551,2955,3740,
216597,2959,3744,
216630,2973,N/A,
216649,2973,N/A,
216667,2967,3746,
216694,2969,3748,
216764,2659,3750,
216773,2983,N/A,
216807,2975,3752,
216825,2968,3754,
216852,2642,3652,
216931,2977,3756,
217013,2979,3758,
217040,1657,N/A,
217059,2991,3762,
217165,3095,3802,
217235,3465,3804,
217305,339,N/A,
217402,3693,3806,
217420,3724,3810,
217475,3733,3811,
217484,3919,3818,
217493,3726,3812,
217518,3729,3814,
217536,3759,3816,
217572,3797,N/A,
217615,5037,3824,
217624,5006,3830,
217633,5008,3832,
217688,5079,3833,
217712,8492,6114,
217721,5056,3834,
217749,5065,3836,
217776,5896,3837,
217819,5113,3846,
217837,5095,3839,
217864,5108,3838,
217873,5109,3840,
217882,5111,3842,
217891,5743,N/A,
217907,5112,3844,
217925,5116,3848,
217934,5117,3850,
217961,5121,3852,
217989,5744,N/A,
217998,5188,3854,
218025,5207,3857,
218061,5442,3856,
218070,5222,3858,
218140,5305,3867,
218229,5363,3860,
218238,5366,3862,
218335,5407,6440,
218353,5584,3869,
218399,5418,3868,
218414,5493,3870,
218441,5498,3872,
218487,5527,3865,
218520,5550,3829,
218539,5540,3874,
218645,5840,3879,
218663,5818,3880,
218672,5849,3859,
218681,5847,3881,
218690,5821,3885,
218706,5846,3875,
218724,5837,3843,
218733,5618,3876,
218742,5850,3889,
218821,5627,3878,
218830,5668,3825,
218858,5665,N/A,
218885,5789,3883,
218894,5049,3871,
218919,5863,3882,
218955,5892,N/A,
218964,5910,3884,
218973,5912,3886,
218991,5989,3887,
219000,6015,3902,
219046,6042,3904,
219055,6149,3903,
219082,6247,3910,
219091,6155,3906,
219170,N/A,3917,
219189,7038,N/A,
219198,6416,3914,
219204,6464,3915,
219259,6487,3916,
219277,1430,N/A,
219295,6582,3918,
219338,N/A,3911,
219347,6652,3922,
219356,6653,3924,
219374,7328,3921,
219383,6651,3920,
219408,3403,N/A,
219426,7054,N/A,
219471,6881,3928,
219480,6393,N/A,
219505,2401,3941,
219578,7318,3942,
219602,1028,3944,
219639,N/A,3949,
219709,1058,3946,
219718,1063,3948,
219790,1908,4038,
219806,1102,3950,
219824,1084,4041,
219833,1121,3952,
219879,2848,3955,
219888,1081,3953,
219949,1146,3954,
219976,1161,3956,
220002,7325,N/A,
220057,7323,3969,
220075,1198,3958,
220181,1224,3960,
220206,1232,3961,
220215,1230,3962,
220312,1298,3966,
220400,2266,3967,
220464,539,3965,
220473,1345,3968,
220516,1371,3970,
220552,711,5559,
220598,1395,3976,
220604,1403,3980,
220613,1401,3978,
220631,1408,3982,
220701,1449,3986,
220710,1454,3988,
220792,1458,N/A,
220808,1511,3991,
220862,1459,3992,
220978,1466,3994,
221014,1469,3996,
221096,1543,4003,
221184,850,3983,
221254,1545,N/A,
221351,1730,4008,
221397,1656,3985,
221485,N/A,4004,
221519,1842,4024,
221661,1727,4006,
221670,1725,N/A,
221731,1805,4014,
221740,1831,4022,
221759,1843,4026,
221768,1844,4032,
221795,446,N/A,
221838,1803,4010,
221847,1804,4012,
221856,1818,4013,
221892,1809,4016,
221908,N/A,4019,
221953,1812,4018,
221971,1826,4020,
221999,1871,4036,
222053,1881,4037,
222062,1893,4028,
222105,N/A,4042,
222178,6001,4050,
222567,6005,4054,
222576,6006,4056,
222628,6140,4073,
222822,6025,4057,
222831,6644,4164,
222877,6039,N/A,
222938,8271,N/A,
222983,6016,4058,
222992,6759,4059,
223083,4243,6088,
223117,7042,N/A,
223232,6032,4062,
223320,6055,4064,
223427,6043,4068,
223506,6054,4067,
223524,6070,4053,
223773,6148,4087,
223816,6130,4081,
223898,6096,4074,
223922,6097,4076,
224004,6127,4124,
224110,6245,4094,
224226,6159,4080,
224244,792,6064,
224271,7032,4077,
224323,6868,4234,
224350,6160,4082,
224527,6187,4086,
224545,6206,N/A,
224554,6188,4088,
224572,6201,4085,
224615,6199,4079,
224642,6203,4090,
224776,N/A,4075,
224891,6222,4092,
224961,6255,4103,
225070,6254,4095,
225247,6268,4096,
225308,6271,4098,
225371,6285,4099,
225399,6282,4101,
225414,6916,N/A,
225423,929,4105,
225432,6922,4170,
225502,6917,N/A,
225511,6870,4236,
225548,6278,4102,
225575,6280,4104,
225627,6303,4106,
225858,3573,N/A,
225876,6317,4108,
225885,6319,4110,
226019,6341,4112,
226091,6360,4114,
226107,1694,N/A,
226116,6589,6551,
226134,6362,4116,
226204,6363,4118,
226231,6365,4120,
226277,3059,N/A,
226383,6378,4123,
226408,6133,4084,
226471,6396,4128,
226578,6429,4131,
226587,6402,4130,
226806,6459,4127,
226833,6408,4132,
226930,6438,4089,
227146,6465,4134,
227191,6519,4141,
227216,6481,4136,
227225,6531,4147,
227243,6499,4135,
227304,6540,4138,
227331,6550,4140,
227368,6570,4142,
227386,6572,4144,
227401,6573,4146,
227429,6577,4148,
227526,6580,4202,
227687,6608,4150,
227757,6609,4152,
227766,6607,4153,
227845,6619,4156,
227854,6642,4160,
227863,6880,4238,
227881,6643,4162,
227924,6645,4166,
227979,6694,4167,
228042,6647,4168,
228149,6637,4158,
228158,6695,4169,
228246,6660,4174,
228316,6666,4176,
228325,6669,4182,
228343,6674,4186,
228431,6682,4188,
228459,6667,4178,
228468,6671,4184,
228486,6705,4183,
228501,6685,4190,
228529,6817,4204,
228608,6818,4192,
228635,273,N/A,
228644,6908,4247,
228653,6887,N/A,
228680,6328,4109,
228699,6819,4194,
228705,6822,4212,
228723,6003,4198,
228769,6013,4200,
228778,6882,4240,
228787,6897,4243,
228796,6829,4223,
228802,389,4231,
228866,N/A,4205,
228875,6820,4206,
228884,6821,4210,
228981,6823,4214,
229018,448,4225,
229027,6919,4239,
229063,6824,4216,
229115,6827,4220,
229160,6828,4222,
229179,6826,4224,
229267,6831,4226,
229300,6906,N/A,
229319,6843,4229,
229337,3423,N/A,
229355,6833,4228,
229504,6913,4242,
229540,6915,4244,
229780,6930,4246,
229799,6931,4248,
229814,6938,4250,
229832,6951,4172,
229841,6939,4252,
229887,6940,4254,
230038,4019,4266,
230047,4106,899,
230171,4283,4272,
230418,4412,4270,
230597,4727,4273,
230603,4092,4271,
230621,4751,4286,
230630,N/A,4288,
230728,4857,4276,
230737,4870,4278,
230764,4853,4274,
230782,4941,4282,
230807,4948,4284,
230816,3080,4296,
230825,1119,4329,
230834,3765,4314,
230852,3291,4298,
230861,3286,4299,
230889,3416,4300,
230898,3418,4302,
230913,3766,4316,
230931,3767,4318,
230940,3509,4304,
230959,3526,4306,
230977,3405,N/A,
230995,3669,4308,
231059,3757,4312,
231068,974,6270,
231077,3297,4320,
231086,3796,4310,
231095,3752,6946,
231165,3941,4323,
231174,3920,4322,
231420,5017,4338,
231536,5083,4341,
231554,5063,4340,
231581,5069,4342,
231624,5115,4344,
231697,5141,4354,
231712,5128,4345,
231785,3707,4371,
231828,4762,N/A,
231873,5139,4349,
231882,5163,4355,
232025,5185,4350,
232043,5181,4348,
232052,5844,N/A,
232089,5213,4352,
232186,5827,4357,
232195,5276,4359,
232256,5291,4356,
232265,5292,4358,
232308,5294,4360,
232414,5676,4362,
232423,5392,4370,
232450,5342,4363,
232502,N/A,6028,
232557,5385,4364,
232566,5368,4366,
232575,5381,4377,
232609,5372,4368,
232618,5379,N/A,
232672,5397,4374,
232681,5398,4414,
232706,5405,4378,
232724,5448,N/A,
232788,5451,4376,
232867,5513,4361,
232937,5864,4425,
232946,5515,N/A,
232982,5126,4347,
233019,5549,4415,
233037,5557,N/A,
233082,5547,N/A,
233116,5561,4384,
233277,5565,4422,
233295,5566,4386,
233301,5567,4388,
233310,5590,4390,
233338,5574,4346,
233374,5569,4410,
233426,5571,4392,
233541,5613,4396,
233611,5625,4400,
233639,5660,4337,
233648,5659,4401,
233718,5634,4406,
233754,5793,4407,
233772,5226,4353,
233897,5124,4343,
233903,5927,4433,
233921,5859,4420,
233949,5868,4351,
234030,5570,4379,
234076,5820,4412,
234085,5858,4418,
234137,N/A,4426,
234155,5860,4424,
234164,5862,4428,
234173,5867,4429,
234207,5887,4430,
234377,5917,4431,
234492,4805,N/A,
234669,4029,4441,
234711,4024,4442,
234827,4044,4444,
234845,4045,4446,
234915,4042,N/A,
234933,4055,4448,
234979,4077,4452,
235024,58,4501,
235097,4301,4454,
235103,4307,4455,
235149,4303,4456,
235167,4292,4457,
235237,4103,4469,
235316,4330,4458,
235334,4332,4460,
235343,4337,4461,
235422,4344,4462,
235431,4348,4463,
235529,7027,N/A,
235699,1453,N/A,
235750,4402,4464,
235769,4408,4453,
236072,4554,4467,
236133,4541,4466,
236188,4583,4468,
236230,4597,4470,
236258,4615,4472,
236328,4067,4450,
236452,4674,4474,
236504,4759,4473,
236513,4741,4475,
236577,4694,4476,
236595,4695,4478,
236610,4738,4479,
236638,4699,4480,
236656,4578,N/A,
236692,4739,4481,
236708,4752,4477,
236753,4826,4485,
236887,4963,4487,
236896,4940,4486,
236939,4705,4482,
236948,4854,4484,
236975,4942,4488,
237011,4947,4490,
237039,1275,4491,
237057,4951,4492,
237066,4953,4494,
237109,4993,4496,
237118,5005,4508,
237136,7305,4507,
237181,5060,4512,
237215,5064,4514,
237312,5419,4528,
237330,5120,4516,
237358,5151,4518,
237367,5211,4520,
237385,5254,4522,
237437,7310,N/A,
237525,5396,4526,
237598,N/A,6248,
237604,N/A,4550,
237640,5519,4548,
237686,5932,4542,
237701,5539,4529,
237783,5608,4530,
237792,5615,4532,
237817,770,4525,
237899,5903,4538,
237932,5901,4534,
237950,5902,4536,
237969,5905,4544,
237987,N/A,4537,
238014,674,4535,
238032,5904,4540,
238078,5906,4546,
238193,1012,4558,
238263,1536,4615,
238333,1059,4564,
238430,1100,4568,
238458,1101,4570,
238476,1103,4571,
238616,1139,4574,
238661,1202,4582,
238722,747,4556,
238759,761,N/A,
238980,1393,4592,
239008,618,4618,
239017,1398,4596,
239071,2732,4604,
239080,1443,4606,
239105,1448,4610,
239169,1911,N/A,
239220,635,4683,
239248,N/A,4614,
239309,1506,4701,
239318,1476,4616,
239372,667,4583,
239390,1490,4620,
239442,713,4646,
239460,735,4663,
239488,4190,4585,
239503,N/A,4623,
239512,1561,4624,
239628,1664,4636,
239716,1706,4644,
239743,1300,4586,
239910,900,4639,
239929,3617,4628,
240107,1878,4662,
240116,786,4581,
240125,724,4671,
240170,1087,4573,
240189,1921,4684,
240198,1580,N/A,
240268,1913,4670,
240277,1859,4688,
240329,1914,4672,
240338,1513,4699,
240365,1916,4674,
240374,1860,4690,
240392,388,4557,
240417,1740,4652,
240426,1920,4682,
240444,1846,4656,
240453,1473,4658,
240462,1917,4676,
240471,1918,4678,
240480,1919,4680,
240505,4043,4998,
240514,4115,4999,
240596,4700,5000,
240620,360,5003,
240657,4542,5004,
240666,4536,5002,
240693,4957,5005,
240727,4855,5006,
240736,20,N/A,
240745,2302,N/A,
240754,959,N/A,
240790,781,N/A,
241225,840,N/A,
241304,2315,N/A,
241377,779,N/A,
241410,910,N/A,
241739,1519,N/A,
241766,1115,N/A,
242112,3406,N/A,
242617,946,N/A,
242626,2042,N/A,
242644,2067,N/A,
242653,873,N/A,
242680,2065,N/A,
242699,2077,N/A,
242705,2043,N/A,
243106,983,N/A,
243115,911,N/A,
243133,852,N/A,
243142,3891,N/A,
243151,981,N/A,
243160,979,N/A,
243179,874,N/A,
243188,685,N/A,
243197,912,N/A,
243212,836,N/A,
243221,979,N/A,
243346,883,N/A,
243443,913,N/A,
243638,115,N/A,
243665,879,N/A,
243744,4704,434,
243780,1631,1230,
243823,5861,N/A,
243841,7315,N/A,
244011,3571,N/A,
244154,3605,N/A,
244190,5081,629,
244437,5711,806,
244446,3226,811,
245625,2722,N/A,
245652,4737,2649,
245838,1862,N/A,
245847,3071,N/A,
245883,3070,N/A,
245953,918,4097,
246354,3730,4263,
246813,462,823,
247603,2711,N/A,
247649,81,4333,
247773,7010,N/A,
247825,N/A,4117,
247834,1951,4046,
247940,N/A,1519,
248882,5360,N/A,
251251,7311,N/A,
251260,1728,40,
251312,5097,N/A,
260372,7351,N/A,
260974,4271,N/A,
260992,N/A,943,
262129,5506,750,
363633,N/A,2628,
364016,2179,177,
364025,535,97,
366252,2989,3757,
366261,N/A,4069,
366340,7044,N/A,
366401,6507,N/A,
